{
    "libros": [
        {
            "titulo": "El Alquimista",
            "autor": "Paulo Coelho",
            "anio_publicacion": 1988,
            "genero": "Ficción"
        },
        {
            "titulo": "Cien años de soledad",
            "autor": "Gabriel García Márquez",
            "anio_publicacion": 1967,
            "genero": "Realismo mágico"
        },
        {
            "titulo": "1984",
            "autor": "George Orwell",
            "anio_publicacion": 1949,
            "genero": "Distopía"
        },
        {
            "titulo": "El Señor de los Anillos",
            "autor": "J.R.R. Tolkien",
            "anio_publicacion": 1954,
            "genero": "Fantasía"
        },
        {
            "titulo": "Orgullo y prejuicio",
            "autor": "Jane Austen",
            "anio_publicacion": 1813,
            "genero": "Romance"
        }
    ]
}
