<?xml version="1.0" encoding="UTF-8"?>
<libros>
    <libro>
        <titulo>El Alquimista</titulo>
        <autor>Paulo Coelho</autor>
        <anio_publicacion>1988</anio_publicacion>
        <genero>Ficción</genero>
    </libro>
    <libro>
        <titulo>Cien años de soledad</titulo>
        <autor>Gabriel García Márquez</autor>
        <anio_publicacion>1967</anio_publicacion>
        <genero>Realismo mágico</genero>
    </libro>
    <libro>
        <titulo>1984</titulo>
        <autor>George Orwell</autor>
        <anio_publicacion>1949</anio_publicacion>
        <genero>Distopía</genero>
    </libro>
    <libro>
        <titulo>El Señor de los Anillos</titulo>
        <autor>J.R.R. Tolkien</autor>
        <anio_publicacion>1954</anio_publicacion>
        <genero>Fantasía</genero>
    </libro>
    <libro>
        <titulo>Orgullo y prejuicio</titulo>
        <autor>Jane Austen</autor>
        <anio_publicacion>1813</anio_publicacion>
        <genero>Romance</genero>
    </libro>
</libros>
